model,feature,standardized_coefficient,abs_coefficient
Ridge,lag_15m,7383.399305299264,7383.399305299264
Ridge,lag_30m,-1430.6772294177,1430.6772294177
Ridge,lag_7d,393.44832184340464,393.44832184340464
Ridge,lag_24h,340.723757259962,340.723757259962
Ridge,is_weekend,-254.64036906234057,254.64036906234057
Ridge,tod_sin,250.38925053133624,250.38925053133624
Ridge,lag_1h,199.72246835271247,199.72246835271247
Ridge,tod_cos,-112.45975723957714,112.45975723957714
Ridge,dow_cos,65.13754387342713,65.13754387342713
Ridge,dow_sin,-23.694468411628467,23.694468411628467
Ridge,month,12.094221758854983,12.094221758854983
Ridge + Weather,lag_15m,7335.143181664509,7335.143181664509
Ridge + Weather,lag_30m,-1436.7260883881002,1436.7260883881002
Ridge + Weather,tod_cos,-395.26192247345494,395.26192247345494
Ridge + Weather,lag_7d,331.4869718931873,331.4869718931873
Ridge + Weather,is_weekend,-297.10733717318755,297.10733717318755
Ridge + Weather,tod_sin,279.6009470171165,279.6009470171165
Ridge + Weather,lag_24h,265.42092956049584,265.42092956049584
Ridge + Weather,temperature_c,-216.35478954973092,216.35478954973092
Ridge + Weather,lag_1h,141.50330424714528,141.50330424714528
Ridge + Weather,diffuse_radiation_wm2,-109.89545264407013,109.89545264407013
Ridge + Weather,shortwave_radiation_wm2,-80.868221257644,80.868221257644
Ridge + Weather,direct_radiation_wm2,-54.73519115601435,54.73519115601435
Ridge + Weather,relative_humidity_pct,-51.45113139139681,51.45113139139681
Ridge + Weather,month,38.415162247847796,38.415162247847796
Ridge + Weather,dow_cos,38.36062843408831,38.36062843408831
Ridge + Weather,wind_speed_ms,24.603729749143174,24.603729749143174
Ridge + Weather,dow_sin,-14.70913034527285,14.70913034527285
Ridge + Weather,precipitation_mm,8.741064282533069,8.741064282533069
Ridge + Weather,cloud_cover_pct,-8.515735081524172,8.515735081524172
