validation,model,mae_w,rmse_w,horizons
80_20,Copy-Yesterday,3595.5418143282095,5115.725274092414,144
80_20,Persistence,4933.262114684871,6389.298362140395,144
80_20,Ridge,3208.3807722492706,4141.057897969433,144
80_20,Ridge + Weather,3004.0758832069278,4239.917518889203,144
90_10,Copy-Yesterday,3505.8247884161083,5060.2273673463,144
90_10,Persistence,4991.653225035669,6486.1774718770685,144
90_10,Ridge,3178.2959669139,4102.318722858246,144
90_10,Ridge + Weather,2869.0648599375754,3956.084948435648,144
walk_forward,Copy-Yesterday,4537.995203093821,6171.634876852605,144
walk_forward,Persistence,5344.729819208731,6869.784413812116,144
walk_forward,Ridge,4017.2224790800838,4945.251201096142,144
walk_forward,Ridge + Weather,3925.3917355839385,4970.584964425001,144
